Date,Location,Dead,Injured,Total,Description
"October 30, 2020","Waldorf, Maryland",1,3,4,Two groups of men got into a dispute inside a cigar and hookah lounge and the argument escalated. One man was killed and three injured.[11]
"October 30, 2020","Chicago, Illinois",1,3,4,A man was killed and two adults and a sixteen-year-old were injured after a man entered a home in Morgan Park and opened fire. Police believe the shooting was drug related.[12]
"October 29, 2020","Winter Garden, Florida",0,4,4,"A patrol officer discovered four people wounded after an argument escalated late at night. One of the victims has a concealed weapons permit, but officers are unsure who actually fired.[13]"
"October 28, 2020","Newark, New Jersey",1,3,4,One individual was killed and three others wounded after a heated argument escalated.[14]
"October 28, 2020","Roanoke, Virginia",0,4,4,Officers responded to a report of multiple shots fired and found four individuals wounded in a home.[15]
"October 26, 2020","Bessemer, Alabama",1,3,4,An eighteen-year-old was killed three other teens were wounded in a house during the evening.[16]
"October 25, 2020","Fort Worth, Texas",2,3,5,A fight broke out at an early morning house party and escalated. Two men were killed and three others wounded.[17]
"October 25, 2020","San Antonio, Texas",0,4,4,A dispute potentially near I-35 escalated and four people within a car were shot. The car crashed a short time later. Three adults and a thirteen-year-old were wounded and three additional children were not injured.[18]
"October 25, 2020","Raleigh, North Carolina",1,3,4,Four men were shot in the early morning. Two men were later arrested for the shooting and a wounded man died later at the hospital.[19]
"October 24, 2020","Greenwood, Mississippi",2,8,10,A gunman walked into a family's front yard and opened fire on a family gathering shortly before midnight. The family had gathered for a funeral and two were killed and eight wounded.[20]
"October 22, 2020","Miami, Florida",1,3,4,Shortly before midnight someone opened fire in a Miami neighborhood. A man was killed and two adults and an infant girl were wounded.[21]
"October 22, 2020","Boston, Massachusetts",0,4,4,Officers responded to a ShotSpotter alert and multiple 911 calls and found two individuals wounded. An additional two transported themselves to the hospital.[22]
"October 22, 2020","Baltimore, Maryland",0,4,4,Three men and a woman were wounded in a shooting shortly after midnight.[23]
"October 22, 2020","Rayne, Louisiana",0,5,5,A vehicle with six passengers – two adults and four juveniles –  was traveling on I-10 when a car next to them opened fire. Five people in the car were wounded.[24]
"October 21, 2020","New York City, New York",1,5,6,A man was killed and five other people were wounded in a drive-by shooting in Prospect Lefferts Gardens in Brooklyn.[25]
"October 21, 2020","Canton, Mississippi",1,3,4,A gunman ambushed four people waiting in a car at a McDonald's drive through. One person in the car was killed and two adults and a thirteen-year-old were injured.[26]
"October 20, 2020","Houston, Texas",3,1,4,An argument at a local open-mike night for rappers at a club escalated when at least two people opened fire. Three men were killed and one injured.[27]
"October 19, 2020","Mansfield, Ohio",0,5,5,Five people were wounded in a drive-by-shooting while standing outside a house during a party. A seventeen-year-old and four adults were among the injured.[28]
"October 19, 2020","New Orleans, Louisiana",1,3,4,A man was killed and three others wounded after gunfire erupted in front of a convenience store.[29]
"October 18, 2020","Annapolis, Maryland",1,3,4,An argument at an early morning house party escalated and one man was killed. Another adult and two seventeen-year-old girls were wounded.[30]
"October 18, 2020","Chicago, Illinois",1,4,5,A gunman walked into an East Garfield Park home and opened fire. He killed one man and wounded four others.[31]
"October 18, 2020","Nashville, Tennessee",0,4,4,"Two men were discovered wounded at a home near Belmont University, and two others arrived at local hospitals later.[32]"
"October 17, 2020","Lockport, New York",1,5,6,Shortly after midnight two men approached a home hosting a Halloween themed house party opened fire on the closed garage door. A 21-year-old college student was killed and five others were wounded. [33]
"October 17, 2020","Rock Hill, South Carolina",0,5,5,"A patrol officer heard gunfire near a local lounge in the early morning, and found a wounded man. Four others were transported by private vehicles to local hospitals.[34]"
"October 16, 2020","San Jose, California",2,4,6,Shortly before midnight two men were killed and four injured at a local restaurant.[35]
"October 16, 2020","Orlando, Florida",3,1,4,Three people were killed and one wounded after an argument occurred in the early morning at a private motorcycle club over a motorcycle. The wounded victim is refusing to cooperate with police.[36]
"October 16, 2020","Mesa, Arizona",1,6,7,Six people were injured in a drive-by shooting and one was killed. Three of the injured were children and three were adults. The victim killed was one year old.[37]
"October 16, 2020","San Francisco, California",1,3,4,A man was killed and another and two women were injured in an evening shooting.[38]
"October 15, 2020","Baltimore, Maryland",0,7,7,Seven people were wounded in an evening shooting in Southwest Baltimore. Two people were discovered at the scene and five were later discovered at area hospitals.[39]
"October 15, 2020","Lafayette, Louisiana",2,2,4,A party after a University of Louisiana football game in Moore Park led to an early morning shooting after an argument escalated. Two people were wounded and two killed.[40]
"October 14, 2020","Philadelphia, Pennsylvania",0,4,4,Four men were injured at a gas station in an evening shooting in Southwest Philadelphia.[41]
"October 12, 2020","Myrtle Beach, South Carolina",2,3,5,A man was killed and four others were injured at a local grocery store early in the morning. One of the injured died three days later.[42]
"October 11, 2020","Atlanta, Georgia",0,4,4,Four people were wounded in an evening shooting at a downtown hotel. Additional guns and pills were discovered at the scene of the shooting.[43]
"October 10, 2020","Chicago, Illinois",1,3,4,Four people were inside a vehicle when they were hit by gunfire near the West Garfield Park on the West Side. A man died and two adults and a seventeen-year-old girl were wounded.[44]
"October 10, 2020","Kingstree, South Carolina",0,8,8,A man opened fire after he was ejected from a nightclub by firing into the club while standing in the road. Three people were discovered in the club and five were taken to the hospital in private vehicles.[45]
"October 10, 2020","Jennings, Missouri",2,2,4,A woman and her six-year-old daughter were killed and her other daughters aged sixteen and ten-years-old were wounded. The woman's boyfriend was arrested as a person of interest.[46]
"October 8, 2020","Philadelphia, Pennsylvania",1,6,7,At least two gunmen opened fire on a group of people in the city's Frankford neighborhood. One man was killed and six others wounded.[47]
"October 7, 2020","Anchorage, Alaska",1,4,5,A man was killed and one man and three women were injured in an early morning shooting at a house party. Two teenagers were arrested and charged for the shooting.[48]
"October 7, 2020","New York City, New York",1,3,4,One man was killed and three injured in an evening shooting at a Brooklyn building. Neighbors claim that the building was a local gambling den.[49]
"October 5, 2020","Washington, D. C.",0,4,4,"Two men and two women were shot in an evening shooting, with one victim in critical condition.[50]"
"October 4, 2020","Indianapolis, Indiana",3,4,7,Police responding to reports of an early morning shooting found three men dead outside an establishment. Four additional wounded were identified at the hospital after transporting themselves.[51]
"October 4, 2020","Atlanta, Georgia",1,5,6,"A fight broke out between two women inside a store and shortly after three men arrived with guns and entered the store. The men opened fire, and customers returned fire, with one man killed and three adults and two juveniles injured.[52]"
"October 3, 2020","Sacramento, California",1,3,4,A nine-year-old girl was killed and two adults and a six-year-old girl were wounded at a Del Paso Heights park. They were part of a family gathering when a gunman drove up and opened fire.[53]
"October 3, 2020","Clarksville, Tennessee",0,5,5,At least five people were wounded in an early morning shooting at a house party. An argument had broken out and escalated into gun fire.[54]
"October 2, 2020","Seattle, Washington",0,4,4,A seventeen-year-old girl and three others were wounded in an evening shooting in Rainier Valley.[55]
"October 2, 2020","New Orleans, Louisiana",0,4,4,Four people were wounded in a shooting in the Central Business District. Victims ran away from the original scene causing officers to believe there were more shootings than actual.[56]
"October 1, 2020","Detroit, Michigan",0,5,5,Two women and three men were wounded in a shooting shortly before midnight in a rental hall.[57]
"September 30, 2020","Greensboro, North Carolina",0,4,4,Four North Carolina A&T State University students were wounded in an off-campus apartment complex.[58]
"September 30, 2020","Milwaukee, Wisconsin",0,7,7,Seven people were shot at a funeral home.[59]
"September 30, 2020","Jacksonville, Florida",0,4,4,Two men and two women were wounded inside an apartment with no signs of a break-in.[60]
"September 29, 2020","Philadelphia, Pennsylvania",0,5,5,Five men were wounded shortly before midnight while standing on a porch in the Logan section of the city.[61]
"September 29, 2020","Plainsville, Ohio",2,2,4,Two men were killed and two wounded in an afternoon shooting. The men were recording a music video and got into an argument with another group which escalated.[62]
"September 28, 2020","Detroit, Michigan",0,6,6,Four men and two women were injured in an early morning shooting after a large crowd had congregated outside a Gentleman's club in the city's southwest side.[63]
"September 27, 2020","Nashville, Tennessee",0,4,4,"Four people were wounded near an intersection in the afternoon after an argument escalated. The gunman walked away to his vehicle, retrieved a pistol, opened fire, and drove away.[64]"
"September 27, 2020","Sandusky, Ohio",0,4,4,"A man shot and wounded four people shortly before midnight, with one victim discovered in a vehicle by police.[65]"
"September 27, 2020","San Bernardino, California",1,3,4,A nineteen-year-old were killed and three others injured in an evening shooting.[66]
"September 26, 2020","Philadelphia, Pennsylvania",0,4,4,"Two teens, aged fifteen and sixteen-years-old and two adults were wounded just before midnight at a block party in West Philadelphia. The teens and one adult had been leaving the party when the gunman opened fire.[67]"
"September 26, 2020","Enterprise, Alabama",1,3,4,One man died and three others injured after someone opened fire on an early morning party in an apartment complex parking lot.[68]
"September 26, 2020","Waterloo, Iowa",2,6,8,Two people were killed and six injured in a shooting at a motorcycle club where over 100 people had gathered. Four others suffered injuries from broken glass and debris while fleeing from the gunfire.[69]
"September 26, 2020","Chicago, Illinois",0,4,4,Two men and two women were injured in an early morning drive-by shooting in Marquette Park on the Southwest Side.[70]
"September 25, 2020","Philadelphia, Pennsylvania",0,4,4,Four teenagers aged between seventeen and nineteen-years-old were injured in a late night shooting in the Frankford section of the city.[71]
"September 23, 2020","Hampton, Georgia",1,3,4,A woman was killed and her mother and young child were injured when a man entered the home and shot. He shot and injured an additional woman while carjacking her in an attempt to flee.[72]
"September 23, 2020","Minneapolis, Minnesota",0,5,5,Three men and two women were injured outside a bar early in the morning after an argument escalated. The bar was the scene of another mass shooting in June were a man died and six were injured.[73]
"September 21, 2020","Struthers, Ohio",1,4,5,"A man barged into a home in the early morning and opened fire, wounding four adults and killing a four-year-old child. The child reportedly was held by his mother when the man opened fire and was struck and killed in her arms.[74]"
"September 20, 2020","New York City, New York",0,4,4,Two women were discovered wounded in front of a house in Queens by police. Two men arrived at the hospital by private vehicles at a later time.[75]
"September 20, 2020","Stamford, Connecticut",1,3,4,A woman was killed and three others injured in a housing complex parking lot shortly after midnight. A large crowd had gathered and someone opened fire.[76]
"September 19, 2020","Buffalo, New York",1,4,5,A woman was killed and four other people were injured in an early morning shooting at a street party.[77]
"September 19, 2020","Rochester, New York",2,14,16,Rochester shooting - At least two people were killed and 14 others were injured in Rochester at a backyard party on Pennsylvania Avenue.[78]
"September 19, 2020","Chicago, Illinois",0,4,4,"Four people were wounded in West Pullman less than an hour after the shooting in West Englewood. Two sedans pulled up to a group outside and opened fire towards people on the sidewalk, home porch and inside the home.[79]"
"September 19, 2020","Chicago, Illinois",0,4,4,Four men were wounded in West Englewood while standing outside when someone opened fire.[80]
"September 19, 2020","Plainfield, New Jersey",0,4,4,Police officers responded to a shooting after a ShotShopper alert and found four people wounded.[81]
"September 19, 2020","West Memphis, Arkansas",0,5,5,Five people were shot in an evening shooting.[82]
"September 18, 2020","Little Rock, Arkansas",0,4,4,"Four people were wounded in a drive-by afternoon shooting, near I-630.[83]"
"September 16, 2020","Philadelphia, Pennsylvania",2,3,5,"Two men were killed and three wounded while playing basketball at the Roberto Clemente Playground in Spring Garden. Police believe the men were targeted as the three shooters chased them down, after the first confrontation.[84]"
"September 15, 2020","San Jose, California",2,3,5,Two people were killed and three others injured in a quintuple shooting near San Jose State University.[85]
"September 15, 2020","Chicago, Illinois",0,5,5,"Five people, including three teenagers, were wounded in a drive by shooting. The group were outside celebrating Mexican Independence.[86]"
"September 14, 2020","Baker, Louisiana",0,4,4,"Three people were wounded in a vehicle and a fourth while walking down the street, after a drug deal turned into a robbery. One of the wounded was an eight-year-old girl."
"September 14, 2020","New Brunswick, New Jersey",2,6,8,Two people died and six others were injured in an overnight shooting near Rutgers University.[87]
"September 13, 2020","Grand Rapids, Michigan",0,7,7,Seven people were wounded in a late night shooting outside a business in the city's southeast side. One victim's injuries were considered life-threatening.[88]
"September 13, 2020","Manchester, Tennessee",3[n 1],3,6,"A man opened fire inside a vehicle on I-24 and killed one person in his vehicle and wounded another. He attempted to carjack three vehicles and wounded two people, before taking two hostages. At the end of the hostage taking a hostage and the gunman were dead and the other hostage released.[89]"
"September 13, 2020","Tampa, Florida",0,4,4,A security guard and three club goers were wounded after an individual opened fire from a car shortly after midnight.[90]
"September 13, 2020","Chicago, Illinois",1,3,4,"A man was killed and two adults and a seventeen-year-old boy were wounded while sitting on a homes porch in Englewood, after two men exited a vehicle and opened fire.[91]"
"September 12, 2020","Chicago, Illinois",2,4[n 1],6,A man opened fire at an early morning house party after an argument escalated in the Austin neighborhood. Another individual returned fire causing the first shooter and three others to be wounded and two others killed.[92]
"September 12, 2020","Wilson, North Carolina",0,5,5,Four adults and a teenager were wounded after a verbal altercation at a house party escalated.[93]
"September 11, 2020","Donaldsonville, Louisiana",0,5,5,"Five people were wounded at a large party, with one aged sixteen-years-old.[94]"
"September 10, 2020","New Orleans, Louisiana",3,1,4,"Four minutes after a shooting, police were alerted to a second in which three men died, and one wounded.[95]"
"September 9, 2020","Saint Louis, Missouri",1,3,4,A man was killed and three others wounded in the Wellston neighborhood.[96]
"September 8, 2020","Baltimore, Maryland",0,5,5,Five people including a seventeen-year-old were injured while playing a dice game when a vehicle pulled up and opened fire.[97]
"September 7, 2020","New Orleans, Louisiana",0,4,4,Four people including a fourteen-year-old boy were injured in Central City.[98]
"September 7, 2020","New York City, New York",0,5,5,"A fifteen-year-old shooter opened fire at a group of people in a drive-by shooting, including a six-year old in Brooklyn. Police believe the shooting to be gang related.[99]"
"September 7, 2020","Indianapolis, Indiana",1,4,5,An eighteen-year-old was killed and four others injured after a fight broke out during a party in the Butler-Tarkington neighborhood over a broken table.[100]
"September 7, 2020","Aguanga, California",7,0,7,A shooting at a large marijuana grow house left seven people dead.[101]
"September 7, 2020","Chicago, Illinois",1,3,4,An eight-year-old girl was killed and three others injured when another vehicle opened fire on them while they were sitting in another car in the Canaryville neighborhood.[102]
"September 6, 2020","Chicago, Illinois",0,4,4,Four people were wounded in the South Shore neighborhood in a drive-by shooting. Three adults and a seventeen-year-old were injured.[103]
"September 6, 2020","Commerce City, Colorado",0,4,4,Four people were wounded at a large house party after a fight broke out in the early morning.[104]
"September 6, 2020","Memphis, Tennessee",0,4,4,Two people opened fire in an apartment and wounded three adults and a five-year-old child.[105]
"September 6, 2020","Baltimore, Maryland",0,4,4,Responding officers found a wounded man and three other wounded individuals transported themselves to the hospital.[106]
"September 6, 2020","Kansas City, Missouri",0,6,6,Six people were wounded in Swope Park where a large crowd had gathered to watch cars do burnouts and donuts.[107]
"September 6, 2020","Saint Louis, Missouri",1,3,4,One woman was killed and three others injured in the Hamilton Heights neighborhood.[108]
"September 6, 2020","Sparta, Georgia",1,6,7,Responding officers found a man dead and two wounded at an early morning birthday party. Four other wounded were identified at the hospital.[109]
"September 6, 2020","New Iberia, Louisiana",0,5,5,"Five people were wounded at a night club, and separate charges were filed against the club owner for operating during COVID-19 restrictions.[110]"
"September 5, 2020","Houston, Texas",0,4,4,"A woman and three men were wounded after a party with multiple motorcycle clubs, had a large fight in the parking lot with multiple shooters.[111]"
"September 5, 2020","Little Rock, Arkansas",0,4,4,"A man was found wounded at the River Market district, with witnesses stating the shooter opened fire after pulling a gun from his fanny pack. Three children aged, seventeen, sixteen and twelve-years-old were also wounded.[112]"
"September 5, 2020","Baltimore, Maryland",1,3,4,"Two men were discovered wounded by responding officers, one of whom later died at the hospital. Two more wounded were identified after transporting themselves to the hospital.[113]"
"September 5, 2020","Williston, Florida",0,6,6,"Six people were wounded in an early morning shooting at a block party/protest that was organized by a man to protest ""inequitable narratives.""[114]"
"September 3, 2020","Miami, Florida",0,4,4,Four men were wounded in a drive-by shooting shortly before midnight.[115]
"September 3, 2020","Philadelphia, Pennsylvania",0,6,6,Five men aged eighteen to twenty-six-years-old were found wounded in an east Germantown street shortly before midnight. A sixth man was found wounded in his apartment building from a stray bullet a half-block away.[116]
"September 3, 2020","Little Rock, Arkansas",0,4,4,"Two bystanders including a seventeen-year-old were wounded shortly before midnight at an apartment complex. Two additional wounded were discovered later by police, who stated the shooting occurred after the individuals they had met to purchase guns from, turned on them and opened fire.[117]"
"September 3, 2020","Hensley, Arkansas",1,3,4,"A nineteen-year-old was killed and two nineteen-year-old and an eighteen-year-old were injured, when a car pulled up alongside their vehicle and opened fire on I-530.[118]"
"September 2, 2020","Philadelphia, Pennsylvania",2,2,4,Two seventeen-year-olds were killed and a seventeen and eighteen year old wounded in a shooting in Point Breeze.[119]
"September 2, 2020","Albany, Georgia",1,3,4,One man was killed and two other adults and a sixteen-year-old were wounded while playing cards in an early morning drive-by shooting.[120]
"September 2, 2020","Oakland, California",0,4,4,"Three teenagers, two fifteen-year-olds and a seventeen-year-old, and an adult were wounded in the Brookfield Village neighborhood in East Oakland. Police believe it to be a targeted shooting.[121]"
"August 31, 2020","Tallahassee, Florida",0,4,4,"Police responding to a call of several people shot, found two adults and two teenagers aged thirteen and seventeen-years-old wounded in a townhouse complex.[122]"
"August 30, 2020","San Antonio, Texas",2,2,4,"A nineteen and seventeen-year-old were killed and two other teenagers were wounded, when a vehicle pulled up to the car that they were in and opened fire. Officers believe at least one person in the vehicle was the intended target.[123]"
"August 30, 2020","Lexington, Kentucky",0,7,7,Seven people were wounded at a community gathering at a local community center. Eyewitnesses were split on how the shooting occurred.[124]
"August 30, 2020","Buffalo, New York",1,4,5,"Five people were wounded in an early morning shooting, with one later dying at a hospital.[125]"
"August 30, 2020","Chicago, Illinois",1,4,5,"Five people were shot, one fatally, at a restaurant in Morgan Park.[126]"
"August 30, 2020","Madisonville, Kentucky",0,5,5,Four adults and a fourteen-year-old girl were injured at a block party when an unknown individual opened fire early in the morning.[127]
"August 30, 2020","Zion, Illinois",0,4,4,A drive by shooting injured three adults standing outside early in the morning. An eight-year-old boy was injured when a bullet entered his bedroom through a wall.[128]
"August 29, 2020","Las Vegas, Nevada",2,2,4,"Shortly before midnight a group was walking down an alley toward a store, when they were approached by three men. One opened fire and killed two of the group and injured two others.[129]"
"August 29, 2020","Rock Island, Illinois",1,5,6,A man was killed and five others injured in an early morning shooting near a local pub.[130]
"August 28, 2020","Dallas, Texas",0,5,5,Four adults and a fifteen-year-old boy were wounded in a late night shooting in the Deep Ellum district.[131]
"August 28, 2020","Minneapolis, Minnesota",0,4,4,Four men were wounded by multiple shooters who fled the scene in the car they shot from.[132]
"August 27, 2020","Portland, Oregon",1,3,4,A sixteen-year-old boy was killed and three other juveniles were wounded in Gateway Discovery Park.[133]
"August 26, 2020","Pontiac, Michigan",3,1,4,"A man engaged in a year-long dispute with neighbors, shot four of them as they sat on his porch. Three died and one was wounded, with the shooter later turning himself in.[134]"
"August 26, 2020","Hilton Head Island, South Carolina",0,4,4,"Three men and a woman were injured in a late night shooting, while in a large gathering.[135]"
"August 26, 2020","Philadelphia, Pennsylvania",0,4,4,Three adults and a seventeen-year-old boy were injured in East Germantown in an evening shooting.[136]
"August 25, 2020","Norfolk, Virginia",0,5,5,Norfolk police said five people were shot on Wednesday night. One of the victims was a 1-month-old child. No suspect information is available at this time.[137]
"August 25, 2020","Rochester, New York",0,4,4,"Four men were wounded in an evening shooting, with two being transported to the hospital in private vehicles.[138]"
"August 24, 2020","Detroit, Michigan",0,4,4,"Four men were wounded after a vehicle pulled up and opened fire, with one of the wounded returning fire.[139]"
"August 24, 2020","Sacramento, California",1,3,4,"A man was killed and three others wounded, in an early morning shooting.[140]"
"August 24, 2020","West Palm Beach, Florida",0,4,4,Four people were wounded in an evening shooting.[141]
"August 24, 2020","Richmond, Virginia",1,4,5,A man was killed and four others including a teenage boy were wounded in a night shooting.[142]
"August 23, 2020","Pine Bluff, Arkansas",0,7,7,Seven people were wounded when gunfire erupted while a large crowd was gathered outside a gas station early in the morning.[143]
"August 23, 2020","New York City, New York",1,3,4,A man was killed and three others wounded in a housing complex in Brooklyn in the early morning.[144]
"August 23, 2020","Somerville, Tennessee",1,4,5,A nineteen-year-old man was killed and two men and two women injured in an early morning shooting at a party.[145]
"August 23, 2020","Champaign, Illinois",0,4,4,Four men were wounded at a party outside an apartment complex when a fight escalated early in the morning.[146]
"August 23, 2020","Chicago, Illinois",0,4,4,"Four men were wounded standing outside a business in the Englewood neighborhood, in an afternoon drive-by shooting.[147]"
"August 23, 2020","Pueblo, Colorado",0,6,6,Early in the morning responding officers found three wounded individuals at a home near Pikes Peak International Raceway. Three more wounded were identified at a local hospital and some of the wounded are teenagers. Officers believe the shooting happened at a house party.[148]
"August 22, 2020","Rockford, Illinois",1,3,4,Shortly before midnight one man was killed and three others injured.[149]
"August 22, 2020","Hueytown, Alabama",1,3,4,One person was killed and three wounded after an early morning shooting near the Allison Bonnet Memorial Drive.[150]
"August 19, 2020","Philadelphia, Pennsylvania",0,4,4,A gun fight wounded two adults and two seventeen-year-olds in West Philadelphia.[151]
"August 19, 2020","Chicago, Illinois",0,6,6,Five adults and a seventeen-year-old were wounded after a man stepped out of a vehicle and opened fire on a large gathering. The shooting took place in Gresham in the South Side.[152]
"August 18, 2020","Philadelphia, Pennsylvania",1,4,5,A man was killed and four others wounded including a fifteen-year-old in the Strawberry Mansion neighborhood.[153]
"August 18, 2020","New York City, New York",0,4,4,A car drove up to a Ravenswood Public Housing building in Queens and opened fire. A seventeen-year-old boy and three adults were wounded.[154]
"August 18, 2020","Rockford, Illinois",0,4,4,Four people were wounded in the early morning at a large gathering in Twin Sisters Park.[155]
"August 17, 2020","Louisville, Kentucky",2,2,4,Two people were killed and two people were wounded in a shooting late at night before the car they were in crashed.[156]
"August 17, 2020","Cleveland, Ohio",0,5,5,Five people were wounded at Dove Park in an evening drive-by shooting.[157]
"August 17, 2020","New York City, New York",0,4,4,Four men were wounded in an early morning shooting in Brooklyn. The suspected gunman fled in a car after opening fire.[158]
"August 17, 2020","Dayton, Texas",3,2,5,"A man is accused of killing his ex-girlfriend, a man in her home, and a neighbor and wounding two others. He was later arrested after hiding in the surrounding woods.[159]"
"August 16, 2020","San Antonio, Texas",0,5,5,"Five people were injured, one critically, in a shooting caused by a dispute at a flea market. A security guard returned fire.[160]"
"August 16, 2020","Cincinnati, Ohio",1,3,4,Shortly after midnight a man was killed and three others were wounded.[161]
"August 16, 2020","Cincinnati, Ohio",2,9,11,One person died at the scene and one later at the hospital with nine others wounded in an early morning shooting.[162]
"August 16, 2020","Lexington, Kentucky",1,3,4,An eighteen-year-old was killed and three others wounded after a disturbance occurred at a large gathering.[163]
"August 16, 2020","Denver, Colorado",2,5,7,Two men were killed and five others were wounded in a shooting shortly after an earlier shooting.[164]
"August 16, 2020","Cincinnati, Ohio",1,3,4,"Responding officers found a man wounded shortly after midnight, who later died at the hospital. Three others arrived by private vehicles to the hospital.[165]"
"August 16, 2020","Oklahoma City, Oklahoma",0,4,4,Four people were wounded at a large birthday party in the parking lot.[166]
"August 15, 2020","Philadelphia, Pennsylvania",0,5,5,Four adults and a sixteen-year-old boy were injured shortly before midnight at a large block party when a group on motorcycles arrived and opened fire.[167]
"August 15, 2020","Rochester, New York",0,5,5,Five people were wounded shortly before midnight.[168]
"August 15, 2020","Belleville, Michigan",4,0,4,"Two men and two women were killed in a home, with one of the women killed identified as the shooter's former fiancée. The shooter boasted about the killings on social media and text messages before being arrested.[169]"
"August 15, 2020","New Haven, Connecticut",1,5,6,One man was killed and five injured after a dice game grew violent shortly before midnight.[170]
"August 15, 2020","Troy, Alabama",2,3,5,Officers arrived at a large gathering early in the morning to disperse it. While doing so shots were fired in the apartment complex's parking lot. Two men were killed and three others wounded.[171]
"August 14, 2020","New York City, New York",0,4,4,Three women and one man were wounded late at night on Lenox Avenue in Harlem.[172]
"August 12, 2020","Dayton, Ohio",1,3,4,A woman was killed and three others wounded in a drive by shooting in the early morning.[173]
"August 12, 2020","Newark, New Jersey",1,4,5,An eighteen year old was killed and four others wounded shortly after midnight.[174]
"August 11, 2020","Los Angeles, California",0,5,5,"Five people were wounded shortly after midnight outside of a warehouse in the Harbor Gateway neighborhood. The shooting occurred after an argument escalated, and an additional person was injured attempting to climb a fence.[175]"
"August 9, 2020","Denver, Colorado",0,10,10,Ten people were injured in a drive-by shooting during a family gathering in a park.[176]
"August 9, 2020","Toledo, Ohio",0,6,6,Six people were wounded in the early morning after a large gathering turned violent near a shopping center.[177]
"August 9, 2020","Washington, D.C.",1,20,21,"A 17-year-old boy was killed and 20 others injured, including an off-duty police officer, at a party in the southeastern section of the nation's capital. Police are looking for three suspects.[178]"
"August 9, 2020","Jackson, Mississippi",0,4,4,"Four people were wounded in the evening, two of the victims drove away and later crashed outside a local bank.[179]"
"August 9, 2020","Houston, Texas",0,4,4,"Four men were wounded being a gas station shortly before midnight. The men were playing dice, when a gunman walked up, shot them and fled on foot.[180]"
"August 8, 2020","Paducah, Kentucky",1,4,5,Shortly before midnight a man was killed and four others wounded in the city's north side.[181]
"August 8, 2020","Philadelphia, Pennsylvania",0,6[n 2],6,"A pregnant woman, three teenagers and two other women were wounded. They were a part of a large BBQ gathering at a public park.[182]"
"August 8, 2020","Brockton, Massachusetts",0,5,5,Five men were wounded at a house party which was detected by the city's gunshot detection system. Prior a woman from the same party was stabbed.[183]
"August 8, 2020","Birmingham, Alabama",1,5,6,"A man was killed and five people, including an off-duty Birmingham Police officer, were wounded at a motorcycle club in Ensley. The shooting was reported to be due to an altercation escalating, with some of the victims innocent bystanders.[184]"
"August 8, 2020","Albany, New York",1,3,4,"A 18-year-old man was killed and a 22-year-old, 28-year-old, and 29-year-old were injured in a drive by shooting involving multiple suspected perpetrators.[185]"
"August 6, 2020","Oakland, California",1,3,4,A man was killed and three others injured while standing outside a house party.[186]
"August 5, 2020","Chicago, Illinois",0,4,4,An 8-year-old boy and three men were wounded in the North Lawndale neighborhood. The shooter exited a vehicle and opened fire on the group while they were standing on the sidewalk.[187]
"August 4, 2020","Madison, Wisconsin",0,4,4,Four people were wounded in Garner Park during a memorial service for a recently deceased individual. Over 300 people were gathered when gunfire broke out and a fifth person was injured fleeing.[188]
"August 4, 2020","Washington, D.C.",0,4,4,Four men were wounded in an evening shooting.[189]
"August 4, 2020","Los Angeles, California",1,4,5,A woman was killed and four others were injured at a rented mansion house party. The home was on the famed Mulholland Drive in the Beverly Crest neighborhood.[190]
"August 4, 2020","Saint Louis, Missouri",1,3,4,A woman was killed and two adults and a 17-year-old were injured near the former ABB manufacturing plant. The plant was the scene of a mass shooting in 2010.[191]
"August 4, 2020","Hartford, Connecticut",1,5,6,A man was killed and five others injured after an early morning shooting at a large gathering at a warehouse.[192]
"August 3, 2020","New York City, New York",0,4,4,Four people were wounded after a shooter opened fire on a large crowd watching a basketball game at St. Mary's Park in the Bronx.[193]
"August 2, 2020","Philadelphia, Pennsylvania",0,4,4,Four women were injured with gun fire in the early morning. A fifth woman was stabbed multiple times.[194]
"August 2, 2020","Newark, New Jersey",0,5,5,Four adults and a 10-year-old child were wounded after multiple heavily armed shooters opened fire on males in a specific block.[195]
"August 1, 2020","Chicago, Illinois",1,4,5,"A man was killed and four others, two men and two women, were injured at a backyard BBQ. Responding officers arrested two men fleeing from the scene.[196]"
"August 1, 2020","Pointblank, Texas",2,3,5,Two men were killed and two adults and an infant were injured. A man entered a home where a child's birthday party was ongoing and opened fire. Two guests returned fire and were among the injured.[197]
"August 1, 2020","Denver, Colorado",1,4,5,A 16-year-old was killed and three adults and a girl were wounded at a large gathering in the Westwood neighborhood.[198]
"August 1, 2020","Montgomery, Alabama",0,4,4,Four men were injured after a shooting at an entrance to I-85 South.[199]
"July 31, 2020","Philadelphia, Pennsylvania",1,3,4,A woman was killed and three men were wounded in an evening shooting.[200]
"July 30, 2020","Miami Gardens, Florida",0,5,5,Five men were wounded after a potentially gang related shooting occurred behind a U-Gas Station. A witness likened the amount of gunfire to the Iraq war.[201]
"July 30, 2020","Tampa, Florida",0,5,5,A man opened fire at a gas station while screaming at passersby. He wounded five people before he was arrested.[202]
"July 29, 2020","Detroit, Michigan",0,4,4,Three men and a woman were injured while standing outside and a person opened fire from a car.[203]
"July 29, 2020","Saint Louis, Missouri",3,1,4,Three men were killed and a third injured after an afternoon dispute escalated between two groups of people.[204]
"July 29, 2020","Elyria, Ohio",5[n 1],0,5,"A man killed his wife and three children, aged 12, 10 and 6-years-old, and then himself in an apparent murder-suicide.[205]"
"July 28, 2020","Wilmington, Delaware",2,2,4,A 17-year-old and a woman were killed and two men were injured in a shooting.[206]
"July 28, 2020","Milwaukee, Wisconsin",0,4,4,Four men were injured in the evening.[207]
"July 27, 2020","Federal Way, Washington",1,3,4,A 17-year-old was killed and two adults and a 12-year-old injured at Steel Lake Park. A woman reportedly opened fire after an argument.[208]
"July 27, 2020","Chicago, Illinois",1,4,5,Five people were sitting on a porch in the evening when one was killed and four injured in a drive-by shooting.[209]
"July 26, 2020","Magnolia, Arkansas",0,4,4,Four people were injured in the early morning after at least two semi-automatic handguns were fired at a large house party.[210]
"July 26, 2020","Mont Enterprise, Texas",0,4,4,Four people were injured shortly after midnight when someone opened fire during the Rude Boyz Annual Trail Ride. The gathering was held at Durango's Canyon.[211]
"July 26, 2020","Flint Township, Michigan",1,3,4,"One person was killed and three others were injured when two men opened fire in a restaurant. One man was charged with open murder, three counts of assault with intent to murder and multiple weapons charges. The other man was charged with careless discharge of a firearm.[212]"
"July 26, 2020","Commerce City, Colorado",1,3,4,Responding officers to a large gathering in the early morning found a man dead. Three additional victims were transported in private vehicles to the hospital.[213]
"July 26, 2020","Louisville, Kentucky",1,3,4,"Officers responded to I-64 West in the early morning after calls of shots fired by a moving vehicle. They found four individuals shot, with one dead, in a crashed car. A fifth individual was wounded when the car crashed.[214]"
"July 25, 2020","Raleigh, North Carolina",0,4,4,A woman and three men were wounded near a local restaurant.[215]
"July 25, 2020","Manteca, California",0,7,7,Officers responded from a traffic stop after hearing gunfire. They discovered seven people wounded at a large house party after a man armed with a semi-automatic weapon arrived and opened fire.[216]
"July 25, 2020","Flint, Michigan",0,6,6,"Six people were shot at a party of over 1,000 people following the filming of a music video in a parking lot.[217]"
"July 25, 2020","Miami, Florida",1,3,4,"A seven-year-old girl, a sixteen-month boy and two adults were shot by a passing vehicle while getting out of a car. The girl was declared brain dead at the hospital, causing the shooting to be declared a homicide.[218]"
"July 25, 2020","Denver, Colorado",2,3,5,Two men were killed and two woman and a man were wounded in the Park Hill neighborhood.[219]
"July 25, 2020","Dallas, Texas",0,4,4,"Three men and a woman were injured shortly before midnight. A man was denied entry at a local bar, retrieved an assault-type weapon from his car, and shot into the building.[220]"
"July 24, 2020","Atlanta, Georgia",2,2,4,"Two adults were killed and two teenagers, aged seventeen and eighteen, were injured in an early morning shooting. The group were ambushed by two shooters after arriving at an AirBnb house party in a rideshare.[221]"
"July 23, 2020","Henrico County, Virginia",1,3,4,One man was killed and three others injured in the early morning. Officers are investigating if the individuals were a part of an announced party for that night.[222]
"July 23, 2020","Petersburg, Virginia",0,4,4,Four people were wounded in an early morning shooting.[223]
"July 23, 2020","Chicago, Illinois",2,4,6,Two people were killed and four injured while standing on the sidewalk in the West Pullman area of the Far South Side.[224]
"July 22, 2020","Warren, Michigan",0,4,4,A man opened fire and others returned fire at a large party with at least one hundred people in attendance. Four people were injured in the shooting.[225]
"July 21, 2020","Chicago, Illinois",0,15,15,"Fifteen people were injured, four critically, after a shooter opened fire at people leaving a funeral home in Chicago's Auburn Gresham neighborhood.[226]"
"July 20, 2020","Chicago, Illinois",0,5,5,Five people were wounded in the North Lawndale neighborhood. They were a part of people gathered on the sidewalk when a car pulled up and several men got out and opened fire.[227]
"July 20, 2020","Richmond, Virginia",1,4,5,One man was killed and four others injured after a fight in a McDonald's parking lot escalated. One of the injured was an innocent bystander in the Food Lion parking lot across the street.[228]
"July 19, 2020","Peoria, Illinois",0,13,13,Thirteen people were injured in an early morning shooting at a riverfront gathering. An argument between two women led to a man firing two shots into the air. This led to multiple individuals opening fire on the crowd.[229]
"July 19, 2020","Omaha, Nebraska",0,8,8,Eight people including a fifteen-year-old girl were injured in a drive by shooting early in the morning.[230]
"July 19, 2020","Chicago, Illinois",2,3,5,"Two people were killed and three wounded shortly before midnight in Morgan Park on the Far South Side. They were part of a group of people, that were fired upon by  an unknown shooter.[231]"
"July 19, 2020","Washington, D.C.",1,8,9,Police responding to reports of a shooting discovered one man killed and eight other adults wounded.[232]
"July 19, 2020","Detroit, Michigan",0,4,4,"Two fifteen-year-olds and two seventeen-year-olds were wounded while sitting in traffic when another car pulled up and opened fire. Four days later, the suspect was shot by police after a pursuit in which he was found holding a gun and died at a hospital.[233][234]"
"July 19, 2020","Detroit, Michigan",3,1,4,"A man opened fire in a restaurant, killing three men and injuring another. The shooter has been taken into custody.[235]"
"July 18, 2020","Chicago, Illinois",1,4,5,A man was killed and four others wounded after two men opened fire in the early morning in the North Lawndale neighborhood. The men were standing on a street corner.[236]
"July 17, 2020","Columbus, Ohio",0,4,4,Four adults were wounded while attending a memorial in Weinland Park. A three-year-old girl was also wounded when bullets struck the home she was in.[237]
"July 17, 2020","Madison, Florida",0,4,4,"Three adults and a child were injured after a man, out on bond from a January arrest, entered their home and opened fire.[238]"
"July 16, 2020","Nashville, Tennessee",0,5,5,"Eight or nine people opened fire in the early morning in a drive-by shooting. Five people were wounded, including a juvenile.[239]"
"July 15, 2020","New York City, New York",1,5,6,Two gunmen opened fire in the early morning outside a Brooklyn apartment building. A man was killed and five other adults were wounded.[240]
"July 15, 2020","Shreveport, Louisiana",1,3,4,A man was killed and two adults and an 11-year-old child were injured after an argument escalated from an original argument at a basketball court.[241]
"July 14, 2020","St. Joseph, Missouri",0,5,5,Five men were injured while standing in a park after a vehicle drove by and opened fire.[242]
"July 14, 2020","Durham, North Carolina",0,8,8,Six adults and two children aged four and eight-years-old were wounded after someone opened fire at a party outside a home.[243]
"July 13, 2020","New York City, New York",0,6,6,Multiple shooters traveled across three different blocks and wounded six people in Brooklyn.[244]
"July 13, 2020","Louisville, Kentucky",1,3,4,"A 16-year-old was killed and three others, including two juveniles, were wounded at a gas station.[245]"
"July 13, 2020","Kent, Washington",0,6,6,Five adults and a teenager were wounded after an argument escalated at a Metro bus stop.[246]
"July 12, 2020","Como, Mississippi",2,3,5,"Two people were killed and three injured at a large outdoor hip hop concert in which potentially five separate guns were used. An additional three people were injured while attempting to flee, after being hit by cars.[247]"
"July 12, 2020","Baton Rouge, Louisiana",1,7,8,A man was killed and seven others injured in an early morning shooting outside an Exxon gas station.[248]
"July 12, 2020","Lansing, Michigan",0,5,5,Three women and two men were injured after someone opened fire outside an apartment complex. At the complex there was a large party happening with over 100 people present.[249]
"July 12, 2020","New York City, New York",1,3,4,Two men opened fire on a late night cookout at the Raymond Bush Playground in Brooklyn. Three men were injured and an infant sitting in a stroller was killed.[250]
"July 12, 2020","Fort Lauderdale, Florida",2,2,4,"Two men were killed in an early morning shooting at a party, with two others wounded.[251]"
"July 12, 2020","Chicago, Illinois",1,3,4,A man was killed and two other men and a woman were wounded in Englewood in the evening.[252]
"July 12, 2020","Chicago, Illinois",1,4,5,Four men were wounded and one killed in an early morning shooting. The group was standing in the street when a verbal altercation escalated with at least two shooters.[253]
"July 11, 2020","Rochester, New York",0,6,6,Responding officers to an early morning block party arrived to gunfire. Two wounded individuals were identified at the party and four others were identified at local hospitals.[254]
"July 11, 2020","Wilmington, Delaware",0,5,5,Four teenagers aged between 15 and 13-years-old and 10-year-old child were wounded. Someone opened fire on a playground late at night.[255]
"July 7, 2020","Paterson, New Jersey",4,3,7,"In a late night shooting, four people were killed and three injured. Officers suspect the shooting was retaliation by people recently released from prison.[256]"
"July 7, 2020","Alexandria, Virginia",0,5,5,Shortly after midnight an individual stormed an apartment and wounded a man and four teenagers aged 14 to 19-years-old.[257]
"July 6, 2020","Chicago, Illinois",0,6,6,Shots were fired into a group of people in the Auburn Gresham area on the South Side. The evening shooting wounded six.[258]
"July 5, 2020","Detroit, Michigan",2,4,6,Two men were killed and four others - two men and two women - were injured in a shooting at a late-night party.[259]
"July 5, 2020","Houston, Texas",0,4,4,Three men waiting at a stop light and were wounded when someone opened fire. Comedian Rickey Smiley's daughter was a passenger in another vehicle and was also wounded.[260]
"July 5, 2020","Chicago, Illinois",0,4,4,A 16-year-old girl and three adults were wounded by gunfire while standing in an alley in the West Side's Fifth City neighborhood in the early morning.[261]
"July 5, 2020","Davenport, Iowa",1,3,4,Officers arrived at an early morning fight and heard shots being fired. They later discovered a man killed by the gunfire and three others injured.[262]
"July 5, 2020","Greenville, South Carolina",2,8,10,"At least two people are killed and eight injured, four critically, at a nightclub. No suspects have been arrested.[263]"
"July 5, 2020","New York City, New York",0,5,5,"Four adults and a 15-year-old boy were injured in an early morning shooting in Inwood, Manhattan.[264]"
"July 5, 2020","Helena, Arkansas",1,3,4,"A man was killed and three others injured in a parking lot, after leaving an event held by rapper Bankroll Freddie. People were leaving the event when someone fired into the crowd.[265]"
"July 5, 2020","Milwaukee, Wisconsin",0,4,4,Shortly after midnight three men and one woman were injured.[266]
"July 5, 2020","Cambridge, Maryland",0,4,4,"Four people were wounded in an early morning shooting, with potentially multiple weapons used.[267]"
"July 5, 2020","Atlanta, Georgia",2,12,14,"A large group of people were watching fireworks, when a fight broke out after a car hit a pedestrian. Fourteen people were wounded, of which two were declared dead at the hospital.[268]"
"July 5, 2020","Chicago, Illinois",1,5,6,A woman was killed and five men were wounded in an early morning drive-by shooting. The group was setting off fireworks when the car approached.[269]
"July 5, 2020","Ephrata, Pennsylvania",0,4,4,A 20-year-old opened fire on a group of six people after getting into an altercation and taking a rifle from his father. Four of the group were injured and the 20-year-old and his father were arrested.[270]
"July 5, 2020","Columbia, Missouri",2,3,5,"An adult and 11-year-old girl were killed shortly after midnight, three others were wounded. Officers believe that there were two shooters.[271]"
"July 5, 2020","Freeport, Illinois",1,5,6,Shortly after midnight a man was killed and five others were wounded.[272]
"July 5, 2020","Barnwell County, South Carolina",0,5,5,Five teenagers were wounded shortly after midnight after a shooting occurred at a house party.[273]
"July 5, 2020","Greenville, Mississippi",0,4,4,"A group of people were traveling in a party bus, when someone opened fire on the vehicle. Four people in the bus were wounded.[274]"
"July 4, 2020","Temple Hills, Maryland",1,3,4,"Four men were wounded in Marlow Heights, one man later died at the hospital.[275]"
"July 4, 2020","Baton Rouge, Louisiana",0,4,4,Two adults and two children were injured in a drive-by shooting.[276]
"July 4, 2020","Atlanta, Georgia",0,5,5,"A group of people were fired at by an individual in a vehicle, shortly before midnight. Five people were wounded.[277]"
"July 4, 2020","Jackson, Mississippi",1,3,4,"An early morning shooting occurred at a nightclub, after an altercation escalated. One person was killed and three others wounded.[278]"
"July 4, 2020","Chicago, Illinois",1,3,4,A man was killed and three others injured in a late night shooting in South Chicago.[279]
"July 4, 2020","Chicago, Illinois",4,4,8,"Four people are killed, and at least four more were injured at an outdoor gathering in Englewood when four men opened fire into a crowd. No suspects have been arrested.[280]"
"July 4, 2020","Lynn, Massachusetts",1,4,5,A man was killed and four others injured at a July 4 cookout.[281]
"July 3, 2020","Baltimore, Maryland",0,4,4,Four women were injured in a late night shooting in southwest Baltimore.[282]
"July 3, 2020","Hoover, Alabama",1,3,4,A suspected shootout occurred inside the Riverchase Galleria in the afternoon. An 8-year-old boy was killed and two adults and a girl were injured.[283]
"July 2, 2020","Delano, California",2,3,5,A group of five were shot after a man got out of a vehicle and opened fire. Two girls were killed aged 11 and 12-years-old and three adults were wounded.[284]
"July 2, 2020","Somerville, Massachusetts",0,4,4,"A man and three women were wounded in a late night shooting, the next day three suspects were arrested.[285]"
"July 2, 2020","Paterson, New Jersey",1,4,5,A man was killed and four others injured shortly after midnight on a street corner.[286]
"July 1, 2020","Oakland, California",0,4,4,Three men and a woman were wounded in their vehicle on Interstate 580.[287]
"June 30, 2020","Boston, Massachusetts",1,3,4,Officers responding to a call of shots fired discovered four wounded individuals. A man later died at the hospital.[288]
"June 30, 2020","Davenport, Iowa",0,5,5,Five men were wounded in an evening shooting. Officers believed the shooting was targeted at the group.[289]
"June 30, 2020","Atlanta, Georgia",1,4,5,"Early in the morning, a group of men sitting on the sidewalk were shot at in a drive-by. One man was killed and four injured.[290]"
"June 30, 2020","Chicago, Illinois",0,4,4,Shortly after midnight three men and a woman were shot while waiting in a vehicle at a Shell gas station in River North neighborhood. The shooter was in and later fled in a red sedan.[291]
"June 30, 2020","Dayton, Ohio",0,4,4,Three men and one women were all wounded in a shooting.[292]
"June 30, 2020","Greenbrier, Arkansas",0,4,4,"Three adults and one juvenile were wounded, after going to a residence and getting into an altercation. The shooter was a juvenile resident of the home.[293]"
"June 29, 2020","Los Angeles, California",0,4,4,Four men were wounded in a public park in Sylmar in a drive-by shooting.[294]
"June 29, 2020","Sioux Falls, South Dakota",1,3,4,"A man shot and killed another man in a home, after mistaking it as the home of his intended target. He left and entered the correct home and wounded three others.[295]"
"June 28, 2020","Philadelphia, Pennsylvania",2,2,4,Two men were killed and two injured in a late night shooting in the Kensington neighborhood.[296]
"June 28, 2020","Sawyerville, Alabama",0,7,7,"During an early morning field party, seven people were wounded after an argument between two men escalated.[297]"
"June 27, 2020","Red Bluff, California",2[n 1],4,6,Red Bluff shooting. An employee was killed and four injured at a Walmart distribution center. The perpetrator was later killed in a shootout with responding police.[298]
"June 27, 2020","Peoria, Illinois",0,4,4,Officers responding to an early morning ShotSpotter alert found two men wounded and identified two women who arrived at the hospital to be a part of the incident.[299]
"June 27, 2020","New York City, New York",0,4,4,"Early in the morning a man opened fire at a house party in Brooklyn, and injured four people.[300]"
"June 27, 2020","Chicago, Illinois",1,3,4,A man was killed and three others wounded after a large gathering in Douglas.[301]
"June 27, 2020","Blytheville, Arkansas",3,1,4,"A Missouri man traveled to the area for a house party, where a couple got into a physical domestic fight. Shortly after 911 was called in response to that fight the man opened fire and killed his Uncle and two others, and wounded another.[302]"
"June 26, 2020","Aurora, Colorado",0,5,5,Five people were wounded by a shooter outside a local grocery store. Officers previously thought the incident was a gunfight but later announced it was one shooter.[303]
"June 26, 2020","Fresno, California",0,4,4,"Four people were wounded at a house party shortly before midnight, after two shooters appeared near a neighboring home.[304]"
"June 26, 2020","Phoenix, Arizona",0,4,4,"Three adults and a 14-year-old boy were wounded in the early morning at a gas station. Prior to the shooting, a large crowd of people and cars had been gathered around the gas station.[305]"
"June 25, 2020","Philadelphia, Pennsylvania",0,4,4,Four men were wounded after a shooting at an intersection in the Kensington neighborhood.[306]
"June 25, 2020","Bridgeport, Connecticut",1,3,4,"A man was killed, and two adults and a 17-year-old injured while attempting to make a rap music video. Officers believed the shooting was targeted, as the victims refused to cooperate.[307]"
"June 24, 2020","Jackson, Tennessee",0,4,4,Three adults and one juvenile were wounded in an early morning shooting. The suspected shooter was arrested.[308]
"June 23, 2020","Chicago, Illinois",0,4,4,"Four people were wounded in a drive by shooting in Burnside, while standing on a porch.[309]"
"June 23, 2020","Lake Worth Beach, Florida",0,5,5,Five people were wounded in a drive-by shooting during the evening. Responding police believed the shooter and victims know each other.[310]
"June 22, 2020","San Francisco, California",0,5,5,Police discovered five men wounded by gunfire in the Tenderloin neighborhood.[311]
"June 22, 2020","Charlotte, North Carolina",3,6,9,"Officers responding to a block party on reports of someone being hit by a car arrived to shots being fired. Three people were killed and six injured by gunfire, with an additional five injured after being hit by cars while attempting to flee.[312]"
"June 22, 2020","Minneapolis, Minnesota",0,4,4,Officers responding to a shooting on West Broadway Avenue discovered four people injured.[313]
"June 22, 2020","Minneapolis, Minnesota",0,4,4,Four people were wounded in the Willard-Hay neighborhood during the afternoon.[314]
"June 22, 2020","Chicago, Illinois",0,5,5,"Five people were wounded in a drive-by, including a 16-year-old girl, at an early morning gathering in East Garfield Park.[315]"
"June 22, 2020","Chicago, Illinois",0,4,4,Four people were wounded early in the morning after an individual opened fire from a vehicle in the Back of the Yards neighborhood on the South Side.[316]
"June 22, 2020","New York City, New York",0,5,5,Five people were shot during a vigil in the Crown Heights area of Brooklyn in the evening.[317]
"June 21, 2020","Buffalo, New York",0,4,4,Four men were wounded after a shooting at an early morning gathering of cars.[318]
"June 21, 2020","Austin, Texas",0,5,5,Five people were wounded in an early morning shooting.[319]
"June 21, 2020","Milwaukee, Wisconsin",1,4,5,Early in the morning a shooting occurred at a house party. Five individuals were shot and one died on the way to the hospital in a private vehicle.[320]
"June 21, 2020","Auburn, Alabama",0,4,4,"Shortly after midnight, officers responded to a home after a complaint of gunshots. They discovered four men wounded.[321]"
"June 21, 2020","Chicago, Illinois",1,3,4,An argument in Humboldt Park escalated shortly after midnight. A man was killed and three wounded.[322]
"June 21, 2020","Minneapolis, Minnesota",1,11,12,"A group of people fired into a crowd, killing one and injuring 11 others.[323]"
"June 20, 2020","Syracuse, New York",0,9,9,Officers arrived at a large party in a public parking lot after reports of a stolen car was made. An individual opened fire as they arrived and injured nine people including a 17-year-old.[324]
"June 20, 2020","New York City, New York",0,4,4,Three women and a man were injured after a fight broke out between two groups gathered at Claremont park.[325]
"June 20, 2020","Detroit, Michigan",0,4,4,Four people were wounded in a drive-by shooting in the evening.[326]
"June 20, 2020","Saginaw, Michigan",1,3,4,A woman sitting in her car was killed and three others injured in a separate car early in the morning. A shoot-out had occurred in a large gathering nearby.[327]
"June 20, 2020","Pinetops, North Carolina",2,2,4,Early in the morning two people were killed and two wounded in a shooting.[328]
"June 20, 2020","Jersey City, New Jersey",1,4,5,One person was killed and four injured shortly after midnight.[329]
"June 20, 2020","Wichita, Kansas",0,5,5,Five people were shot at a motel after a party in one of the rooms had an argument that escalated. Police believe the shooting was intended to be targeted.[330]
"June 20, 2020","New York City, New York",0,4,4,Four people were wounded at an overnight park party in the Bronx after an argument escalated.[331]
"June 20, 2020","Janesville, Wisconsin",0,4,4,Officers responding to a shots fired call in the early morning found four people wounded at an adult entertainment venue.[332]
"June 18, 2020","Albany, New York",0,7,7,"Early in the morning a man was discovered by officers with a gunshot wound. Shortly after transporting the man to the hospital, six other victims were identified at local hospitals to be a part of the same shooting.[333]"
"June 17, 2020","Chicago, Illinois",0,4,4,"Three adults and a nine-year-old child were wounded while standing in an apartment complex parking lot in the Gresham neighborhood. A man walked up and opened fire on the group, resulting in a shoot out.[334]"
"June 16, 2020","Fort Dodge, Iowa",2,2,4,"In an apparent shoot out at a birthday party, one man was killed and two women injured. A second man died in his vehicle while attempting to drive away from the scene with a gunshot wound.[335]"
"June 15, 2020","Decatur, Illinois",0,4,4,An early morning shooting during a block party injured four people. The suspected shooter was arrested after a local traffic stop.[336]
"June 15, 2020","Chicago, Illinois",0,4,4,A 15-year-old and three adults were gathered outside an apartment when they were injured in a drive-by shooting in the Montclare neighborhood.[337]
"June 14, 2020","Minneapolis, Minnesota",1,6,7,Early in the morning six people were wounded and one was killed in an incident. Officers were alerted via a ShotSpotter activation.[338]
"June 14, 2020","Louisville, Kentucky",1,4,5,About 100 people were gathered at a skate park in the early morning when someone opened fire. One person was killed and four injured.[339]
"June 14, 2020","Lake Charles, Louisiana",0,4,4,Four people were wounded in an early morning shooting at a local night club. A suspected shooter was arrested.[340]
"June 14, 2020","Lafayette, Louisiana",0,5,5,Officers responded to an early morning shooting and found five people wounded. All but one were transported to local hospitals.[341]
"June 14, 2020","New Orleans, Louisiana",1,3,4,One man was killed and three others injured during the evening.[342]
"June 13, 2020","Hesperia, California",0,5,5,"Over 100 people attended a house party when someone opened fire, injuring five people.[343]"
"June 13, 2020","Rison, Arkansas",0,4,4,"Shortly before midnight, four individuals were wounded in a shooting.[344]"
"June 13, 2020","Saint Louis, Missouri",1,5,6,Five individuals were wounded and one killed during an early morning shooting in the JeffVanderLou neighborhood.[345]
"June 13, 2020","Wyandanch, New York",1,7,8,One person was killed and seven others wounded after a shooting at a house party. Local police believe the incident is gang related.[346]
"June 13, 2020","Atlanta, Georgia",2,5,7,"An individual shot at a large group of people from a vehicle, killing two people and wounding five.[347]"
"June 13, 2020","Baltimore, Maryland",0,5,5,Five people were wounded in the Fells Point neighborhood during a large gathering at Broadway Square with many of the crowd drinking alcoholic drinks.[348]
"June 13, 2020","Washington, D.C.",2,5,7,Shortly before midnight responding officers discovered seven shooting victims. A man and woman later died at local hospitals with five other men wounded.[349]
"June 12, 2020","Philadelphia, Pennsylvania",0,6,6,"Early in the morning five men and one woman were wounded after multiple men opened fire on a group in the Tioga neighborhood, causing the group to scatter and run away.[350]"
"June 12, 2020","New York City, New York",1,3,4,A 19-year-old woman was killed and a man and a two teenagers wounded at a local park in the Bronx late at night.[351]
"June 12, 2020","San Antonio, Texas",0,8,8,"A man denied entry into a bar for being too drunk, stated ""Don't you know who I am?"" to the bouncer before leaving. He returned later with a rifle and opened fire injuring five women and three men.[352]"
"June 11, 2020","Richmond, Virginia",0,4,4,Shortly after midnight responding officers discovered two men wounded by gunfire. Another man and a woman were taken to the hospital in private vehicles.[353]
"June 11, 2020","Monroe, Louisiana",6[n 1],0,6,"A mother killed her neighbor, and four children aged 12, 8, and 5-years-old and a 5-month-old infant, before committing suicide in a murder-suicide.[354]"
"June 11, 2020","Washington, D.C.",0,7,7,Seven people including two juveniles were wounded in the Trinidad neighborhood of DC. Officers discovered the victims after hearing gunshots in the early morning.[355]
"June 11, 2020","Houston, Texas",2,4,6,"Two men were killed, and three men and a 13-year-old were wounded in a drive-by shooting while standing in an apartment complex parking lot.[356]"
"June 10, 2020","Sacramento, California",1,3,4,"Shortly before midnight, officers discovered three adults men and one juvenile boy wounded by gunfire. One adult man died later at the hospital.[357]"
"June 10, 2020","Paso Robles, California",2[n 1],5,7,"A man shot and killed an individual and wounded an officer, responding officers killed the suspect and three officers were wounded after a short manhunt.[358]"
"June 10, 2020","Toledo, Ohio",1,3,4,Early in the morning ShotSpotter alerts caused officers to respond to a graduation party. One 18-year-old was killed and with three others wounded.[359]
"June 9, 2020","Scotland Neck, North Carolina",0,5,5,Four adults and a six-year-old child were wounded in a drive-by shooting at a home and vehicle.[360]
"June 9, 2020","Vallejo, California",2,3,5,Two women were killed and two adults and a 10-year-old child were injured at a child's birthday party late at night.[361]
"June 9, 2020","Philadelphia, Pennsylvania",1,6,7,"Just before midnight, a shootout occurred in an apartment complex in the Northern Liberties neighborhood. Six people were wounded and a man was found dead behind some cars near the complex.[362]"
"June 8, 2020","Memphis, Tennessee",0,4,4,A home was shot at first then after police investigated the shooters return and opened fire. Four people were injured in the second shooting including an 18-month-old infant.[363]
"June 8, 2020","New York City, New York",0,4,4,"A woman, two men and a 17-year-old were wounded after an argument escalated in Brooklyn. The shooter fled the scene.[364]"
"June 7, 2020","Dyersburg, Tennessee",0,5,5,Five people were wounded inside the local American Legion club in the early morning. All individuals are refusing to speak with police.[365]
"June 7, 2020","Chicago, Illinois",1,3,4,Officers responding to a shots fired call discovered four wounded victims. One victim later died at the hospital and the other three are uncooperative with investigators.[366]
"June 7, 2020","Chicago, Illinois",0,6,6,Six men were wounded in a late night drive by shooting while standing on the sidewalk.[367]
"June 7, 2020","Sikeston, Missouri",2,7,9,Two women were killed and seven other individuals wounded at a house party after a drive-by shooting early in the morning.[368]
"June 7, 2020","Hope, Arkansas",0,6,6,Six people between 15 and 21-years-old were wounded in the early morning during an social gathering. A seventh individual broke her leg running from the gunfire.[369]
"June 6, 2020","Sacramento, California",0,4,4,Four people were wounded near a house party after an altercation escalated.[370]
"June 6, 2020","Ironton, Ohio",0,4,4,Four men were injured after a fight between a large number of people escalated in a local bar's parking lot.[371]
"June 6, 2020","Kansas City, Missouri",1,4,5,An argument escalated in the early morning with at least two individuals opening fire. One man died and four others were wounded.[372]
"June 5, 2020","Denver, Colorado",0,4,4,Four people were wounded in an early morning shooting. A juvenile was later arrested in connection with the shooting.[373]
"June 4, 2020","Valhermoso Springs, Alabama",7,0,7,Shortly before midnight authorities responded to a home fire. Once the fire was extinguished seven adults were discovered dead by gunshot wounds.[374]
"June 2, 2020","Racine, Wisconsin",0,5,5,Three teenagers and two adults aged between 18 and 20-years-old were wounded at a local beach. Officials do not think there is a connection between it and the protests that occurred that night.[375]
"June 2, 2020","Dallas, Texas",1,3,4,Four people were wounded after two gunman opened fire in a bar. A female victim later died at the hospital.[376]
"June 2, 2020","Chicago, Illinois",0,4,4,Four males were wounded while standing on the sidewalk after the shooter approached them and open fire.[377]
"June 1, 2020","Saint Louis, Missouri",0,4,4,Four St. Louis police officers were wounded during an altercation with protestors near police headquarters.[378]
"May 31, 2020","Saginaw, Michigan",0,6,6,Six people were shot when a man opened fire on a block party. The suspect has not been apprehended.[379]
"May 31, 2020","Philadelphia, Pennsylvania",0,4,4,A 12-year-old and three adults were wounded in a shooting in the Kensington section of the city.[380]
"May 31, 2020","Gulfport, Mississippi",1,5,6,An 18-year-old was killed and five others injured after someone opened fire early in the morning at a large gathering of people.[381]
"May 30, 2020","Washington, D.C.",0,4,4,The DC Police Department announced through their Twitter that two men and two women were wounded in a shooting.[382]
"May 30, 2020","Hiawatha, Iowa",1,3,4,"Four people were shot at a mobile home park; three were hospitalized, and one pronounced dead at the scene.[383]"
"May 30, 2020","Altha, Florida",1,5,6,"One person was killed and five injured including a law enforcement officer, at a birthday party at a local dragstrip.[384]"
"May 30, 2020","Gastonia, North Carolina",1,5,6,Six people were shot in the early morning at a block party after multiple individuals opened fire. One of the victims later died at the hospital.[385]
"May 30, 2020","Houston, Texas",1,4,5,"One person was killed and four wounded including two and 12-year-old children, during a block party.[386]"
"May 29, 2020","Portsmouth, Virginia",0,5,5,"Five individuals were wounded in a shooting, including a 10-year-old boy. All victims left the scene for the hospital via private vehicles, while police were called to the scene.[387]"
"May 28, 2020","Philadelphia, Pennsylvania",1,3,4,Two men approached four people sitting on their porch and opened fire in the evening. A man was killed and two others and a woman were injured.[388]
"May 28, 2020","Memphis, Tennessee",0,4,4,A road rage incident near I-240 wounded two children and two adults.[389]
"May 28, 2020","Louisville, Kentucky",0,7,7,"Seven people were injured in a shooting during a protest against police brutality in the aftermath of the death of Breonna Taylor, two seriously.[390]"
"May 27, 2020","Boston, Massachusetts",1,4,5,Five men were found by responding police with gunshot wounds. One later died at the hospital.[391]
"May 27, 2020","Cleveland, Ohio",1,3,4,"Four people were wounded outside of a gas station, in the early morning. One of the victims later died at the hospital.[392]"
"May 27, 2020","San Jose, California",0,5,5,A group of five men were wounded outside an apartment complex by a shooter before the individual fled on foot.[393]
"May 27, 2020","Philadelphia, Pennsylvania",0,4,4,Four men were shot and wounded in a drive-by shooting in the morning and all taken to the hospital in private vehicles.[394]
"May 26, 2020","Vicksburg, Mississippi",0,4,4,Shortly after midnight four people aged between 16 and 27 were shot in a Waffle House parking lot.[395]
"May 26, 2020","Los Angeles, California",0,5,5,"Five people were wounded in a shooting outside an apartment complex, ranging in age from mid-teens to early 20s.[396]"
"May 26, 2020","Philadelphia, Pennsylvania",0,4,4,Four people were wounded in a late night shooting.[397]
"May 26, 2020","Chicago, Illinois",2,2,4,A man selling items on a street corner was shot and killed in a drive-by shooting. A pedestrian was also killed while two others were wounded.[398]
"May 26, 2020","Bowman, South Carolina",3,5,8,A drive-by shooting at a neighborhood cookout in the early morning resulted in three individuals dead and five injured.[399]
"May 25, 2020","Lake Charles, Louisiana",0,6[n 1],6,"A 17-year-old shooter and others engaged in a shootout at a graduation party, three 15-year-olds, a 16-year-old, and a 17-year-old were all injured along with the shooter.[400]"
"May 24, 2020","Jackson, Mississippi",1,4[n 1],5,"A man was shot and later died at the hospital, while four others, including the suspect, were wounded after a shooting at a private residence.[401]"
"May 24, 2020","Saint Louis, Missouri",0,4,4,Four people were shot in the early morning at an intersection.[402]
"May 24, 2020","Danville, Alabama",3,1,4,Police responding to calls about gunshots found three people dead and one injured at a private residence.[403]
"May 24, 2020","Mrytle Beach, South Carolina",0,4,4,Four people were wounded shortly after midnight in a potential gang related shooting. Six people have been arrested in connection.[404]
"May 23, 2020","Washington, D.C.",1,3,4,Officers responding to a shooting found four individuals who were transported to the hospital. One victim died later at the hospital.[405]
"May 23, 2020","Rock Island, Illinois",1,4,5,A man was killed and four others injured after a large gathering on a street had a fight escalate into a shooting.[406]
"May 23, 2020","Jonesville, South Carolina",2,5,7,A man and 17-year-old were killed and five others wounded at a block party after the state's quarantine order was lifted.[407]
"May 23, 2020","Charlotte, North Carolina",0,6,6,Six people were shot in a parking lot after an argument escalated.[408]
"May 23, 2020","Mount Morris Township, Michigan",1,3,4,A shooting left one dead and three in critical condition. No suspects have been arrested and the investigation is ongoing.[409]
"May 23, 2020","Chicago, Illinois",1,3,4,A shooter pulled up outside a home and opened fire on four men standing on the porch. One was killed and three injured.[410]
"May 23, 2020","Daytona Beach, Florida",0,6,6,Two people were shot and four others wounded by bullet fragments after a shooter opened fire on a crowded beach.[411]
"May 23, 2020","Fort Lauderdale, Florida",0,5,5,Five men were wounded outside a Jamaican restaurant in the early morning. All were brought to the hospital by private vehicles and have refused to cooperate with police.[412]
"May 23, 2020","Houston, Texas",0,4,4,"A fight escalated at a bar, with the perpetrator leaving the bar and driving to the back of the bar and opening fire, wounding four men.[413]"
"May 22, 2020","Cleveland, Ohio",1,3,4,A man was killed and three other individuals wounded after shots were fired near a local deli in the early morning.[414]
"May 20, 2020","Houston, Texas",2[n 1][n 2],3,5,"A man shot and killed his pregnant ex-girlfriend and wounded her sister, mother, and boyfriend before committing suicide after being surrounding by police.[415]"
"May 19, 2020","Decatur, Illinois",0,5,5,Five men were wounded shortly after midnight.[416]
"May 18, 2020","Bakersfield, California",0,5,5,"Five teenagers, aged 18 and 17-years-old, were wounded after a man fired into the apartment from outside the complex.[417]"
"May 17, 2020","Charleston, South Carolina",0,4,4,Three people were wounded when an individual opened fire at a party that was hosted at a short term rental. A fourth wounded individual was walking her dog near the home.[418]
"May 17, 2020","District Heights, Maryland",1,3,4,Police responded to a suspected shooting and found an 18-year-old dead on the sidewalk. Three injured victims were identified later.[419]
"May 17, 2020","St. Matthews, South Carolina",4[n 1],1,5,A mother and her 15 and 12-year-old daughters were shot and killed by her husband who wounded another daughter before killing himself in a murder-suicide. Another daughter was uninjured and ran for help.[420]
"May 16, 2020","Bogalusa, Louisiana",0,13,13,Hundreds of people had gathered for a memorial service when multiple shooters began firing wounding thirteen people.[421]
"May 14, 2020","Albuquerque, New Mexico",0,5[n 2],5,"Police responding to a call of shots fired discovered five individuals wounded, including a pregnant woman after an argument had escalated.[422]"
"May 13, 2020","Rockford, Illinois",1,4,5,One person was killed and four injured in a believed targeted shooting at a gas station.[423]
"May 13, 2020","Garrison, Kentucky",1,4,5,Six people were involved in the repossession of a vehicle and one opened fire killing one and injuring four.[424]
"May 11, 2020","Montgomery, Alabama",0,4,4,Police responding to a call about a gunshot victim discovered one victim with the other three transported to the hospital via private vehicle.[425]
"May 10, 2020","Katy, Texas",0,6,6,"A dispute between two neighbors escalated causing five people to be wounded, including a five-year-old girl.[426]"
"May 10, 2020","Baton Rouge, Louisiana",0,5,5,"Multiple gunmen were involved in a shootout at a local food market, wounding five including a minor.[427]"
"May 10, 2020","Fort Worth, Texas",0,5,5,"Five people were wounded in a public park where hundreds were gathered, with some reporting the gunfire was fireworks.[428]"
"May 9, 2020","Saint Louis, Missouri",0,4,4,Four people were wounded during a late night shooting.[429]
"May 7, 2020","Baltimore, Maryland",0,4,4,Four men were discovered shot on the city's west side in the evening.[430]
"May 6, 2020","Memphis, Tennessee",2,2,4,Two men were shot and killed in a vehicle; two others wounded after attempting to exit the vehicle and were shot at in a drive-by.[431]
"May 6, 2020","Albany, Georgia",1,3,4,A 16-year-old was killed and three others wounded in a vehicle after the car was shot multiple times in the early morning.[432]
"May 5, 2020","Hammond, Indiana",1,3,4,A man was killed and three others wounded after an incident of road rage escalated.[433]
"May 3, 2020","Columbus, Ohio",0,4,4,Four people were wounded after an individual opened fire at a house party.[434]
"May 3, 2020","Jacksonville, Florida",0,4,4,A man drove up to a street and after exiting the car fired at least 30 shots into a crowd of people wounding four men.[435]
"May 3, 2020","Chicago, Illinois",0,5,5,Five teenagers - aged 15 through 19 years old - were injured in a drive-by shooting after attending a large gathering.[436]
"May 2, 2020","Philadelphia, Pennsylvania",0,4,4,A man and three women were injured in a shooting in the evening.[437]
"April 29, 2020","Indianapolis, Indiana",0,4,4,Four people were wounded in a shooting that involved two vehicles and an additional four people near Perry Park.[438]
"April 27, 2020","Milwaukee, Wisconsin",5,0,5,"Five people were killed in a home, aged between 14 and 41, with a child being uninjured in the violence. Police are treating the incident as a matter of family violence.[439]"
"April 26, 2020","Salisbury, North Carolina",1,4,5,One individual was killed and four others - including a juvenile - were injured after a fight escalated into a shooting.[440]
"April 26, 2020","Troy, New York",0,4,4,Four people were wounded in the cities South End in an early morning shooting.[441]
"April 25, 2020","Joliet, Illinois",1,3,4,"One person was killed and three others injured, with one being 17-years-old, in an early morning shooting.[442]"
"April 25, 2020","Memphis, Tennessee",0,7,7,Seven people were discovered wounded after police responded to an aggravated assault call. The individuals were wounded in a drive-by shooting after heading to an early morning party.[443]
"April 25, 2020","Orlando, Florida",1,4,5,An 18-year-old athlete who was to play at University of Louisville was killed and four others injured in a late night shooting.[444]
"April 24, 2020","Fort Wayne, Indiana",0,4,4,Police responding to a shots fired call found four people injured.[445]
"April 24, 2020","Houston, Texas",3,1,4,Three people were killed and one injured in an apartment by two shooters. Due to the lack of forced entry the victims may have known the shooters.[446]
"April 18, 2020","Hyattsville, Maryland",2,2,4,Two men were killed and two injured in a late night shooting.[447]
"April 17, 2020","Springfield, Massachusetts",1,4,5,One man was killed and four others injured after multiple individuals opened fire on a backyard gathering before fleeing in a car and continuing to fire.[448]
"April 17, 2020","Greensboro, North Carolina",1,3,4,Responding police discovered three adults and a juvenile injured by a shooting. An adult later died in the hospital.[449]
"April 15, 2020","Jackson, Mississippi",1,3,4,A five-year-old girl was killed and three adults wounded after someone shot into an apartment.[450]
"April 11, 2020","Bakersfield, California",0,6,6,One juvenile and five adults were wounded after at a large party at an apartment complex was fired upon by at least four shooters.[451]
"April 10, 2020","Muskegon, Michigan",0,4,4,Police were alerted of shots fired shortly after midnight and arrived to find the suspect had fled and the four wounded had transported themselves to the hospital.[452]
"April 8, 2020","Detroit, Michigan",0,4,4,One man and three women were injured after an altercation escalated. A male shooter escaped the scene and a female was arrested for pointing a weapon at one of the wounded.[453]
"April 8, 2020","Anchorage, Alaska",0,4,4,Police responding to a call of shots fired found one person wounded and an additional three connected to the shooting were found in local hospitals.[454]
"April 8, 2020","Greenwood, South Carolina",1,3,4,A 19-year-old was killed and three others individuals were wounded at an apartment complex.[455]
"April 7, 2020","Chicago, Illinois",1,3,4,"One man was killed and three other individuals wounded, including a 5-year-old, after an individual exited an alley way and opened fire on the group. One of the group likely returned fire at the shooter.[456]"
"April 5, 2020","New York City, New York",0,4,4,Four men were wounded in an early morning shooting in a Brooklyn apartment.[457]
"April 5, 2020","Lancaster, South Carolina",1,4,5,One man was killed and four other individuals were wounded in a drive-by shooting in which people standing outside a house and sitting in a car were fired upon.[458]
"April 5, 2020","Los Angeles, California",1,3,4,One man was killed and two other men and one woman were injured in an afternoon shooting.[459]
"April 4, 2020","Vidor, Texas",0,4,4,"Police officers responding to a shots fired call found four wounded individuals, with the shooter arrested later.[460]"
"April 4, 2020","Lubbock, Texas",2,2,4,Police responding to a shots fired call found an adult male and a teenage female deceased and two seriously wounded individuals.[461]
"April 4, 2020","Hialeah, Florida",1[n 1],4,5,"A man shot and wounded his ex-girlfriend's relatives before barricading himself with her and their 9-year-old child in the home. During the standoff an officer was wounded along with the ex-girlfriend, while the man was killed by police.[462]"
"April 3, 2020","Louisville, Kentucky",0,4,4,Police responding to calls about a shooting discovered two people wounded and a further two wounded drove themselves to the hospital.[463]
"March 31, 2020","Macon, Georgia",3,1,4,"A domestic argument escalated when a man shot and killed his child's mother, step-father, and sister before abducting his two-year-old child. The shooter was arrested and the child recovered after an Amber Alert was issued.[464]"
"March 30, 2020","Philadelphia, Pennsylvania",0,5,5,"Five people were wounded at a late night memorial gathering after a man fired into the crowd from half-a-block away. The wounded included a two-year-old, a fourteen-year-old, and an eighteen-year-old.[465]"
"March 29, 2020","Atlanta, Georgia",0,4,4,"Four people were wounded in a late night shooting, with two of the wounded under the age of 18. One of the wounded was also showing signs of the COVID-19 virus.[466]"
"March 28, 2020","Baltimore, Maryland",1,3,4,One man was killed and two others and a teenager wounded in a drive-by shooting by three shooters.[467]
"March 23, 2020","San Antonio, Texas",0,4,4,"Four people in a car were wounded by shooter in the early morning. Three of the victims had transported themselves to hospitals prior to police arrival. The victim found by officers knew who had shot him, but refused to cooperate with police questions.[468]"
"March 22, 2020","Hanahan, South Carolina",0,4,4,Four people were injured in an early morning shooting.[469]
"March 20, 2020","Norfolk, Virginia",0,4,4,Four people were discovered to be wounded in a shooting after police received a report about a shooting.[470]
"March 20, 2020","Saint Louis, Missouri",0,4,4,Three men and a woman were shot and wounded leaving a bar early in the morning. A second woman was injured by the crowd fleeing the scene.[471]
"March 18, 2020","Jacksonville, Florida",1,4,5,Five people were shot by a man wearing all black and potentially a face mask and one individual died at the scene. One of the wounded is a three-year-old child.[472]
"March 17, 2020","Baltimore, Maryland",0,7,7,Police reported that seven people were injured during a police involved shooting. None of those wounded were police officers.[473]
"March 15, 2020","Springfield, Missouri",5[n 1],2,7,"A shooter killed four people, including a police officer, and injured two others, including another police officer, before committing suicide at a gas station.[474]"
"March 15, 2020","Moncure, North Carolina",7[n 1],0,7,Seven adult members of the same family were killed in an apparent murder suicide and were discovered after reports of shots fired.[475]
"March 14, 2020","Saginaw, Michigan",2,2,4,Police responding to a shooting found three women and one man injured. Two women later were declared deceased.[476]
"March 14, 2020","Albuquerque, New Mexico",1,3,4,"Reportedly a group of young men burst into a home and started shooting early in the morning. They wounded a woman, a 16-year-old girl and a 17-year-old girl and killed an adult male.[477]"
"March 13, 2020","New Orleans, Louisiana",0,5,5,"Four men riding in a vehicle shot and wounded five people, including a 15-year-old boy, in a drive by shooting, in the Algiers neighborhood."
"March 13, 2020","Rockford, Illinois",0,4,4,Three men and one woman were wounded after another man opened fire inside of an apartment. The man was later arrested by police.[478]
"March 10, 2020","Chester, Pennsylvania",2,2,4,Police responding to a shooting discovered two 15-year-old boys killed and a third juvenile injured. A fourth wounded juvenile involved in the shooting was later identified at a medical center.[479]
"March 8, 2020","Ceres, California",1,3,4,"Police responded to reports of a shooting and discovered three wounded individuals, one of whom later died. A fourth victim arrived at a hospital in a private vehicle.[480]"
"March 8, 2020","Milwaukee, Wisconsin",1,3,4,An early morning argument escalated and resulted in one man killed and three injured outside a local business.[481]
"March 8, 2020","South Holland, Illinois",0,4,4,"Four men were wounded in a vehicle on Bishop Ford Freeway, after another vehicle's occupant(s) fired on them.[482]"
"March 8, 2020","Rosedale, Maryland",1,5,6,"A 13-year-old boy was killed, five others were wounded; a 14-year-old boy and girl, two 12-year-old boys and a 19-year-old man were wounded. The group was shot at in a parking lot after an altercation while attending a Triple Threat Elite Dance event.[483]"
"March 7, 2020","Cleveland, Ohio",1,17,18,Seventeen people were wounded and one killed after a shootout between multiple motorcycle clubs after a fight at one of the club's headquarters caused many to be thrown out.[484]
"March 7, 2020","Albuquerque, New Mexico",0,4,4,Three adults and one child were injured by a shooter while exiting a house party. The shooter was later arrested.[485]
"March 7, 2020","Chicago, Illinois",0,7,7,Six men and a woman were injured in a drive-by shooting after leaving a house party after a fight broke out in the Greater Grand Crossing neighborhood.[486]
"March 6, 2020","Washington, D.C.",0,6,6,"Four males, one female and a five-year-old child were discovered by police wounded in a drive-by shooting.[487]"
"March 4, 2020","Tulare, California",1,5,6,One was killed while five others were injured at a mass shooting during a celebration of life. The gunman is still at large.[488]
"February 29, 2020","Kansas City, Missouri",1,4,5,Four people were injured and one person was fatally wounded at a shooting.[489]
"February 29, 2020","Brighton, Colorado",0,5,5,"Five people were wounded in a drive by shooting, before the perpetrators fled.[490]"
"February 26, 2020","Milwaukee, Wisconsin",6[n 1],0,6,"Milwaukee brewery shooting: Five people were killed when a gunman opened fire at the local Molson Coors Beverage Company campus, where he had been employed. Afterwards, the gunman committed suicide."
"February 25, 2020","Chicago, Illinois",1,4,5,"A shooting occurred at a convenience store in the Avalon Park neighborhood where four people were hurt and one person was killed. The four wounded victims were listed in serious-to-critical condition. It was reported  that three people, including two men and a woman, exited a vehicle and started firing inside the store. They fled in a white vehicle after the arrival of police.[491]"
"February 25, 2020","Lafayette, Louisiana",0,4,4,At least four people were injured in a shooting at a business.[492]
"February 23, 2020","Houston, Texas",0,7,7,Seven people were shot at a flea market where a dance event took place with adults and children. A suspect was arrested and charged with assault. None of the injured victims were critically wounded.[493]
"February 23, 2020","Clarkton, North Carolina",3,1,4,Three people were killed and one person was injured in a shooting. A suspect turned himself in to local authorities and was charged with three counts of murder and one count of attempted murder.[494]
"February 20, 2020","Caldwell, Idaho",2[n 1],3,5,"Two people were fatally shot and three others, including a police officer, were wounded in a shooting at an apartment complex. The suspect was among the dead.[495]"
"February 20, 2020","Greensboro, North Carolina",0,4,4,Four men were sent to a hospital after police said there were wounded in a shooting in the street. No information about the whereabouts of the shooter were known.[496]
"February 20, 2020","Orlando, Florida",4[n 1],0,4,A man killed his wife and two children before killing himself.[497]
"February 19, 2020","Philadelphia, Pennsylvania",0,4,4,A shooting occurred in the North Side of the city where four people were injured. Two of the victims were listed in critical condition while the two others were listed in stable condition. A suspect was apprehended and arrested by law enforcement.[498]
"February 17, 2020","Port Gibson, Mississippi",2,2,4,"Four students of Alcorn State University were involved in a shooting off campus, with two being killed and two others injured.[499]"
"February 16, 2020","Pensacola, Florida",1,4,5,One person was killed and four others were injured in a drive-by shooting. The injured victims were transported to the hospital and two of them were listed in serious condition.[500]
"February 16, 2020","Midland, Texas",1,3,4,A shooting occurred at a bar where one victim was killed and three others were wounded.[501]
"February 16, 2020","Hartford, Connecticut",1,4,5,One person was killed and four others were wounded in a shooting at a nightclub. The conditions of the injured are unknown.[502]
"February 15, 2020","New Orleans, Louisiana",0,4,4,"Four people, two men and two women, were wounded in a shooting blocks away from the city's Mardi Gras Parade route.[503]"
"February 15, 2020","Memphis, Tennessee",0,7,7,Seven people were wounded when an unknown shooter opened fire at a street race after an argument escalated. All were brought to the hospital via private vehicles.[504]
"February 14, 2020","Chicago, Illinois",0,6,6,Three adults and three children were wounded in a shooting at a gathering in an apartment complex in the South Side of the city.[505]
"February 10, 2020","Dover, Delaware",1,4,5,One person was fatally shot and four others were wounded in a shooting. It was initially reported that three victims were injured but a fourth one was discovered later and refused medical treatment. The four victims suffered non life-threatening injuries.[506]
"February 9, 2020","San Antonio, Texas",0,4,4,A heated argument turned violent between a man and a woman in front of a house which led to a shooting. Four people were injured as a result of the shooting and were each transported to a hospital. Three of them were listed in serious condition while the fourth was in stable condition. Two of the injured were charged afterwards.[507]
"February 9, 2020","Youngstown, Ohio",3,2,5,"Three people were killed and two others were injured in a shooting at a club. The conditions of the injured are unknown. According to police, one of the victims was found dead inside a car. At least one suspect is in custody.[508]"
"February 8, 2020","Houston, Texas",1,3,4,A 29-year-old rap artist was killed and three others were wounded in a shooting in North Houston. The wounded victims' conditions are unknown. The suspects are gang members according to the chief of police.[509]
"February 7, 2020","Waco, Texas",1,3,4,One man was killed and three others were wounded in a shooting outside and inside a home in Waco. Two of the victims were transported to a hospital by ambulance and were listed in critical condition. The third victim self applied to the hospital but his condition was unknown. Police believe that the motive behind the shooting is the sale of illicit drugs gone wrong.[510]
"February 5, 2020","Indianapolis, Indiana",4,0,4,Four people were fatally shot on the Northeast section of the city. The victims are three males and one female and their ages are unknown yet. No suspects have been identified or arrested.[511]
"February 3, 2020","Washington County, Maine",3,1,4,Three people were killed and another was injured in the towns of Machias and Jonesboro.  A 63-year-old man has been charged with three counts of murder and one count of attempted murder in the case.[512]
"February 3, 2020","Grapevine, California",1,5,6,"One person was killed and five others were injured from a shooting on a Greyhound bus heading from Los Angeles to San Francisco. The bus was traversing Tejon Pass on Interstate 5, near Lebec, California, and stopped in Grapevine after the shooting.[513]"
"February 1, 2020","Philadelphia, Mississippi",0,4,4,"Police responded to a street location where multiple shots were fired. They found four victims, aged 18–45 years old, with bullet wounds. Three of the victims were transported by helicopter to a hospital. It is unknown what their conditions are. Police are trying to locate any suspects in the shooting.[514]"
"February 1, 2020","Union Parish, Louisiana",4[n 1],0,4,A shooter shot and killed two members of a family and a friend of one of them inside a house. A third fled through a window uninjured and alerted the authorities. The shooter then committed suicide.[515]
"January 31, 2020","Delano, California",1,4,5,One person was killed and four others were injured in a shooting incident that occurred in several locations. One of the injured is in critical condition while the other three are expected to recover. The shooting happened during a memorial gathering for a victim who previously passed away due to a traffic accident.[516]
"January 31, 2020","Boynton Beach, Florida",1,3,4,A shooting left one victim dead and the other three injured in the 200 block of Northeast First Court.[517]
"January 31, 2020","Shreveport, Louisiana",0,4,4,"A shooting occurred at an apartment complex where four teens were injured. All four victims, aged 15–17 years old, suffered non-life-threatening injuries according to first responders.[518]"
"January 30, 2020","Merced, California",0,4,4,Four teenagers were injured in a shooting on public streets. Three of the victims are listed in stable condition while the fourth is in critical condition. Police are interviewing witnesses for their investigation.[519]
"January 27, 2020","Bridgeport, Connecticut",0,4,4,"Four men were wounded outside the Golden Hill Street Courthouse while sitting in a car, in a drive-by shooting by multiple shooters.[520]"
"January 26, 2020","Newburgh, New York",3,1,4,"Four family members were shot at a home. Three of the victims are dead and the fourth victim, a child, is wounded and is in serious condition. The suspect was apprehended and arrested by the police.[521]"
"January 26, 2020","Cape Girardeau, Missouri",0,5,5,Multiple shots were fired inside a business where five people were wounded in a shooting.[522]
"January 26, 2020","Salisbury, North Carolina",0,6,6,"Six people were injured by a shooting shortly after midnight, at a local restaurant. An additional three others were treated for non-gunfire related injuries.[523]"
"January 26, 2020","Hartsville, South Carolina",3,6,9,Three people were fatally shot and four others were injured at a bar.[524]
"January 24, 2020","Vanceboro, North Carolina",5[n 1],0,5,"A man shot and killed his wife and three children, aged between eight months and four years old, along with the family dog. He then killed himself.[525]"
"January 24, 2020","Lisle, Illinois",2[n 1],2,4,A woman killed one person and injured two others before killing herself at a cigar lounge. The victims were Illinois State Troopers.[526]
"January 22, 2020","Seattle, Washington",1,7,8,"Eight people were shot, one fatally, outside a McDonald's on Pine Street in Downtown Seattle.[527]"
"January 19, 2020","Kansas City, Missouri",2[n 1],15,17,Two people (including the perpetrator) were killed and fifteen others were injured during a shooting at a nightclub.[528]
"January 19, 2020","South Houston, Texas",2,2,4,Police discovered two people dead and two injured after responding to a shooting.[529]
"January 19, 2020","Memphis, Tennessee",1,4,5,One person was killed and four others were injured during a shooting outside a nightclub.[530]
"January 19, 2020","San Antonio, Texas",2,5,7,Two people were killed and five others injured at a nightclub.[531]
"January 17, 2020","Grantsville, Utah",4,1,5,"Shooting of Haynie family: Four people were killed and one was injured after a teenager allegedly fired at his family at their house. He was charged with four counts of aggravated murder, one count of attempted aggravated murder and five counts of illegal discharge of a firearm.[532]"
"January 16, 2020","Chicago, Illinois",0,5,5,Three children between 11 and 16 years old were injured along with two adults after two perpetrators fired into a barber shop in the East Garfield Park neighborhood.[533]
"January 15, 2020","Des Moines, Iowa",2,2,4,Two people were killed and two injured after a shooting in a home's detached garage.[534]
"January 11, 2020","Aurora, Colorado",0,5,5,"Five people, including three teenagers, were wounded by a 16-year-old shooter at an apartment building.[535]"
"January 8, 2020","Bay Saint Louis, Mississippi",2,2,4,Two people were killed and two injured in a random ambush style shooting. The perpetrator was arrested after arriving at his mother's house covered in blood.[536]
"January 5, 2020","Atlanta, Georgia",0,4,4,Four people were injured by a single person after an argument near a northwestern Atlanta nightclub early in the morning.[537]
"January 4, 2020","Ocala, Florida",1,3,4,One man was killed and three men were injured in a mid morning shooting.[538]
"January 2, 2020","Brooklyn, New York",0,4,4,Four people were wounded in a drive-by shooting outside an apartment building in the Sunset Park neighborhood.[539]
"January 1, 2020","Saint Louis, Missouri",3,1,4,Responding police discovered three people dead and one wounded at an early morning shooting in the Benton Park neighborhood.[540]
"January 1, 2020","Cleveland, Ohio",0,4,4,An argument in a Downtown Cleveland night club's VIP section led to three people being wounded and a fourth person was shot in the head in the back alley.[541]
"January 1, 2020","Huntington, West Virginia",0,7,7,"Seven people were wounded inside and out a hookah bar early in the morning, after an argument escalated.[542]"
"January 1, 2020","Trujillo Alto, Puerto Rico",4,1,5,"A family of four, including nine-year-old twin boys, were shot and killed at their home after celebrating New Year's Eve. A 16-year-old boy was seriously injured.[543]"
